id,first_name,last_name,email,password,is_superuser,is_active,is_staff,username,date_joined
2,Hali,Rigg,hrigg1@ed.gov,9aaed1fb011423fae5daf71a3b64e3b1,1,1,1,hrigg1,2021-10-26T16:28:50Z
3,Kathrine,Hinz,khinz2@marriott.com,4cf81102a38e80c213236b8b68b8a674,1,1,1,khinz2,2022-03-10T07:43:03Z
4,Valerye,Kuhnert,vkuhnert3@digg.com,dc62773ca28ef78ad25413c1b4b8d63f,1,1,1,vkuhnert3,2021-08-06T06:51:38Z
5,Daune,Pryce,dpryce4@scientificamerican.com,9345b4680a0036682eeb0ad25c181bcf,1,1,1,dpryce4,2021-10-20T22:39:24Z
6,Bradney,Butlin,bbutlin5@google.com.au,08e72382706c2a495ffabc4745a80715,1,1,1,bbutlin5,2022-03-05T23:32:18Z
7,Charyl,Isack,cisack6@amazon.de,d52a11708eeab07945b21bf91288a454,1,1,1,cisack6,2022-04-18T13:47:25Z
8,Harry,Oneil,honeil7@opensource.org,2fb7dd4e12c1e263e409b30edbfb7257,1,1,1,honeil7,2021-12-11T16:46:48Z
9,Stepha,Legan,slegan8@imdb.com,691c986abd3e2d3ccb67441b1d09fd55,1,1,1,slegan8,2021-10-01T16:04:31Z
10,Mallory,Redon,mredon9@aol.com,283f809c8f55bac8cecbbd1e88fb7968,1,1,1,mredon9,2021-12-28T06:47:56Z
11,Rollo,Amies,ramiesa@miitbeian.gov.cn,fcc408a89c4d0bbc7202b3ac390819ac,1,1,1,ramiesa,2021-10-15T01:05:03Z
12,Patrice,Hellyer,phellyerb@pagesperso-orange.fr,5c24b92f48f18690c4b812cf2ab3403e,1,1,1,phellyerb,2022-01-13T16:54:33Z
13,Arley,Yaus,ayausc@smugmug.com,e2279d30391c0b84a107a82d56360998,1,1,1,ayausc,2022-02-10T15:14:51Z
14,Shayne,Polye,spolyed@bizjournals.com,433f034f7e3228f8b8b156003b16a399,1,1,1,spolyed,2022-05-07T19:48:43Z
15,Redd,Wadhams,rwadhamse@biglobe.ne.jp,f59f6a76628718db50865c41b0e52914,1,1,1,rwadhamse,2022-02-21T10:03:37Z
16,Alva,Lesslie,alesslief@lycos.com,63ae689d8d1ad32dab35293754e47516,1,1,1,alesslief,2021-08-16T20:44:56Z
17,Royall,Bruckmann,rbruckmanng@umn.edu,98e92cb92ccc2f6dc132b7fc21e1897a,1,1,1,rbruckmanng,2022-04-29T01:25:49Z
18,Papagena,Trevenu,ptrevenuh@jimdo.com,fa1302e75dfb8b295b021a0f19d03320,1,1,1,ptrevenuh,2021-05-27T03:49:16Z
19,Trudie,Morriarty,tmorriartyi@businessweek.com,a6e23c50ddb4ce63ca8e3541418e88ed,1,1,1,tmorriartyi,2021-06-06T17:07:47Z
20,Rosalinda,Mergue,rmerguej@dailymail.co.uk,c2bcb7c1cd331cae51464f78b6db9c50,1,1,1,rmerguej,2022-02-03T22:49:13Z
21,Quintin,Nazareth,qnazarethk@cbsnews.com,f8ef973510fe6f335268513b15b14bab,1,1,1,qnazarethk,2021-05-20T00:42:10Z
22,Ingar,Tembey,itembeyl@marriott.com,2926445b8bbe6f4eb295c7918bc3b270,1,1,1,itembeyl,2021-07-22T13:28:00Z
23,Bibi,Camilleri,bcamillerim@i2i.jp,875b27f67aa2f2942e5e2cd8c3f72418,1,1,1,bcamillerim,2021-07-29T04:48:25Z
24,Perry,Bonnor,pbonnorn@oaic.gov.au,a78297753a310cf39612f6c90155127c,1,1,1,pbonnorn,2022-04-22T18:17:48Z
25,Kerianne,Wolfit,kwolfito@furl.net,a218aa5b925d2f6deef4f70e85fd650a,1,1,1,kwolfito,2022-05-04T16:19:06Z
26,Cedric,Andrzejewski,candrzejewskip@freewebs.com,3e876a2653358cf478707e1aefb39144,1,1,1,candrzejewskip,2022-03-29T14:43:19Z
27,Chloe,Huonic,chuonicq@theatlantic.com,209044f4d50257a4ec2abe484cd6e612,1,1,1,chuonicq,2022-02-16T22:53:29Z
28,Jonie,Devanney,jdevanneyr@auda.org.au,f4912fdee9edf05df82d47bde2dfd04d,1,1,1,jdevanneyr,2022-01-01T19:37:07Z
29,Nannette,Beamond,nbeamonds@techcrunch.com,c6821bbcb3c8265a2d88ad7110055740,1,1,1,nbeamonds,2021-08-04T11:22:23Z
30,Granville,Purdy,gpurdyt@taobao.com,710f41765a4aa9b8f74fc6f2ea3ebebd,1,1,1,gpurdyt,2021-09-06T08:23:59Z
31,Isidoro,Downham,idownhamu@ca.gov,b80219e7792a2d30a43186e5e01ff4ff,1,1,1,idownhamu,2022-03-23T18:33:19Z
32,Skipper,Cuthbertson,scuthbertsonv@csmonitor.com,98a4218bf6d840a346b72c1a750a1134,1,1,1,scuthbertsonv,2021-06-30T08:46:21Z
33,Lilah,Drayson,ldraysonw@squarespace.com,e06d9d40c00f551b1d828b4cbed397aa,1,1,1,ldraysonw,2021-07-22T19:03:08Z
34,Dicky,Kenafaque,dkenafaquex@smh.com.au,159082955899f1928b9b5e7dbb32291e,1,1,1,dkenafaquex,2022-04-04T05:54:16Z
35,Lucretia,Palfrey,lpalfreyy@irs.gov,22aed9455901754575f6ec72829853fe,1,1,1,lpalfreyy,2022-05-08T10:18:28Z
36,Stacy,Philo,sphiloz@eepurl.com,9e5c97d658dc4e3b36c8310566286269,1,1,1,sphiloz,2022-04-22T09:07:02Z
37,Sheff,Domoni,sdomoni10@aboutads.info,efc8847365713a5098a23a51ae96c242,1,1,1,sdomoni10,2022-02-10T19:07:09Z
38,Corette,Nulty,cnulty11@bbb.org,bcad2703860657b90770633596710cbe,1,1,1,cnulty11,2021-07-26T08:58:50Z
39,Dacy,Morse,dmorse12@webeden.co.uk,c953c60f4672bd38633e9dd857d7c674,1,1,1,dmorse12,2022-02-06T13:13:48Z
40,Yoshi,Prozescky,yprozescky13@infoseek.co.jp,4778ef21cda101463ba1bae516c3bbae,1,1,1,yprozescky13,2022-03-19T09:56:54Z
41,Lishe,Dace,ldace14@forbes.com,67f3f1aa477c785af88d1ab000419b6f,1,1,1,ldace14,2021-11-07T02:44:08Z
42,Audra,Vyvyan,avyvyan15@wordpress.org,e7189385aa650bd7bde203e4bf36ce29,1,1,1,avyvyan15,2021-12-08T05:50:30Z
43,Blisse,Alesio,balesio16@deliciousdays.com,4b285a8fc6dc3338fc5ff31c49235906,1,1,1,balesio16,2021-12-27T18:15:48Z
44,Rolph,Dulinty,rdulinty17@chron.com,10cb32aa6b25b7fffe749b656c902367,1,1,1,rdulinty17,2021-12-08T12:21:17Z
45,Gav,Brodway,gbrodway18@mit.edu,853063e78c7cfa3d421aca7512e9d933,1,1,1,gbrodway18,2022-05-04T00:01:57Z
46,Lavinia,Stook,lstook19@ask.com,79bba7d9b9748143a586096a331814b3,1,1,1,lstook19,2021-10-31T05:42:54Z
47,Milzie,Sambiedge,msambiedge1a@usda.gov,8536f1a9fd56dc30fb81ed43cae0ec33,1,1,1,msambiedge1a,2021-05-31T06:38:59Z
48,Wilmette,Erie,werie1b@loc.gov,42693ea17a67c2c252ce9ea163e77a33,1,1,1,werie1b,2021-08-25T07:25:49Z
49,Marice,Goodright,mgoodright1c@slate.com,81fab50482237d726ae6bab1957e5cf4,1,1,1,mgoodright1c,2021-11-11T23:28:41Z
50,Christal,Guillot,cguillot1d@sitemeter.com,70a5e93c2a66f9daa6e821199556f77f,1,1,1,cguillot1d,2021-09-26T21:48:42Z
51,Kimberly,Miroy,kmiroy1e@cornell.edu,b483df3e0bdf4fad1beaaeb509d4477b,1,1,1,kmiroy1e,2021-09-13T00:18:55Z
52,Sherlocke,Stronge,sstronge1f@1und1.de,d5dcbb67aecc233820351ab4b7aa3a44,1,1,1,sstronge1f,2022-04-11T09:04:02Z
53,Nertie,Van Der Vlies,nvandervlies1g@google.pl,f756ba5acf66e12f5fc7dfbf84bbdbbf,1,1,1,nvandervlies1g,2021-09-12T00:06:59Z
54,Bobbe,Dorow,bdorow1h@canalblog.com,101e4a5b5d2e8a812b062cc016fa1d76,1,1,1,bdorow1h,2021-08-12T03:54:59Z
55,Eduard,Maffini,emaffini1i@scientificamerican.com,a822dadd572620f75511889831a8b176,1,1,1,emaffini1i,2022-01-16T13:29:04Z
56,Marshall,Chadwell,mchadwell1j@oaic.gov.au,be4b89965c475300911cd1972f26545d,1,1,1,mchadwell1j,2021-11-11T14:33:15Z
57,Modesty,Form,mform1k@sina.com.cn,243af0a54b68c6cd71d0f4b9e89ce798,1,1,1,mform1k,2022-04-30T02:43:17Z
58,Vin,Behneke,vbehneke1l@list-manage.com,1839bf112cac66abaff73654e2182d83,1,1,1,vbehneke1l,2022-03-26T00:50:37Z
59,Pamela,Blatcher,pblatcher1m@artisteer.com,e0dd49f640666116b47dd0c8119a83e3,1,1,1,pblatcher1m,2021-11-27T18:56:32Z
60,Dorie,Menis,dmenis1n@oakley.com,447f8f0614ccb0826adc4b6835ffafe7,1,1,1,dmenis1n,2022-01-11T04:22:49Z
61,Shanan,Wimlett,swimlett1o@google.ru,87f29b519ed8d50779a03624d15f7f8a,1,1,1,swimlett1o,2021-12-13T21:19:55Z
62,Gilda,Jovovic,gjovovic1p@theatlantic.com,d1169e6d37640de622818dd4f4c380e8,1,1,1,gjovovic1p,2021-07-23T08:29:29Z
63,Chase,Dougher,cdougher1q@smugmug.com,23aef313bd3859305cc59df84dcfa6e3,1,1,1,cdougher1q,2021-09-08T10:40:02Z
64,Gabi,Umpleby,gumpleby1r@theatlantic.com,449f1c6fa59e7de08fb166546c178caa,1,1,1,gumpleby1r,2021-07-03T03:34:01Z
65,Harriott,Safell,hsafell1s@topsy.com,807c9f8d6ba958c1f23f0ca4244f6284,1,1,1,hsafell1s,2021-12-07T11:54:17Z
66,Pavlov,Doy,pdoy1t@shutterfly.com,933339ca2c805a9c91bdf3846411d94d,1,1,1,pdoy1t,2021-11-20T17:38:55Z
67,Asher,Dumbare,adumbare1u@chronoengine.com,a5e3ddf3e1ad364c2c55a40f49ef27c9,1,1,1,adumbare1u,2021-08-02T21:04:31Z
68,Job,McIllrick,jmcillrick1v@last.fm,9efc111d23b5dee5b1ded071980c9025,1,1,1,jmcillrick1v,2022-03-11T18:11:24Z
69,Adrien,Astupenas,aastupenas1w@scientificamerican.com,eb47573fb38a23c62c2be26876ac3373,1,1,1,aastupenas1w,2021-09-01T11:08:30Z
70,Ewell,McEnery,emcenery1x@mayoclinic.com,c7fbda66f6b291bdaf5e4be09722cf8e,1,1,1,emcenery1x,2022-05-14T02:02:53Z
71,Obie,Aldwich,oaldwich1y@cam.ac.uk,6d3070ca1feb78e340006d4a59ebae5f,1,1,1,oaldwich1y,2022-04-26T23:20:43Z
72,Luciano,Book,lbook1z@cocolog-nifty.com,0932e4484cd5bb36d8a3c0df9967abfc,1,1,1,lbook1z,2021-11-30T21:07:46Z
73,Roth,McInally,rmcinally20@dailymail.co.uk,219bb12abf773e6ae93f2daa4d1e2abf,1,1,1,rmcinally20,2022-01-19T15:20:43Z
74,Abram,Linsey,alinsey21@guardian.co.uk,b9118c0f28de47df76e72a880371686c,1,1,1,alinsey21,2022-01-20T03:51:35Z
75,Flori,Skim,fskim22@google.com,3d459dae827a9af6ab17ccc274affa2f,1,1,1,fskim22,2021-06-04T23:45:27Z
76,Selinda,Mulrean,smulrean23@stanford.edu,9b99b0c11a92eda4ea58229648cc99e5,1,1,1,smulrean23,2021-06-13T23:00:44Z
77,Nicky,Seamark,nseamark24@goo.ne.jp,a94c3b2973e1ce3da450888c9c64b443,1,1,1,nseamark24,2021-07-20T01:59:26Z
78,Francis,Penkethman,fpenkethman25@ed.gov,99d47d4779028129c65a23a5b3a48e6b,1,1,1,fpenkethman25,2021-06-03T11:42:42Z
79,Lonna,Murrhardt,lmurrhardt26@unc.edu,df58f3d33f230a47079fffebbc6fc2fa,1,1,1,lmurrhardt26,2022-03-18T07:35:52Z
80,Brander,Gonzalo,bgonzalo27@topsy.com,47aa224add282e6ca080826d817edcda,1,1,1,bgonzalo27,2021-10-15T12:49:37Z
81,Wilona,Wardall,wwardall28@simplemachines.org,caae9a4f7678f0bf653b9841248d6860,1,1,1,wwardall28,2022-04-24T13:35:26Z
82,Fedora,Hebble,fhebble29@dropbox.com,7cf97059e75683af4cd2b6a4b5c2e0bd,1,1,1,fhebble29,2021-09-09T13:56:14Z
83,Theresita,Delia,tdelia2a@a8.net,90fba59abb62908c2ce4bc5c4a697d2e,1,1,1,tdelia2a,2021-08-23T09:24:09Z
84,Amberly,Nolan,anolan2b@is.gd,f8240d92c6a6ce974fe629789496703f,1,1,1,anolan2b,2021-12-29T06:50:18Z
85,Bronson,Redholes,bredholes2c@google.de,4f0b5f9d345a7bbae3d1275956beb409,1,1,1,bredholes2c,2021-06-03T19:32:54Z
86,Gwenette,Bather,gbather2d@ted.com,80dde30350819019f4c73bed7e14fecd,1,1,1,gbather2d,2021-10-27T19:35:19Z
87,Lenna,Dows,ldows2e@acquirethisname.com,f555fe75f5e7f5f6e05fa776e99ed20e,1,1,1,ldows2e,2022-01-07T09:16:32Z
88,Elissa,Issit,eissit2f@ning.com,24adcd84a3784c984e0b3566f6f35db8,1,1,1,eissit2f,2021-06-12T19:00:41Z
89,Winston,Bart,wbart2g@csmonitor.com,6d2264548c1af52da149a39b1a279743,1,1,1,wbart2g,2021-09-04T08:47:02Z
90,Eva,Gierek,egierek2h@storify.com,8498c20a72aa755f060d942e19a3d722,1,1,1,egierek2h,2021-06-08T16:05:34Z
91,Bald,Timeby,btimeby2i@latimes.com,7e6b9d5fb0b78b184520cfa372bb65d7,1,1,1,btimeby2i,2021-08-12T05:37:22Z
92,Beltran,Gulvin,bgulvin2j@kickstarter.com,2c33b941c3f5c57a8bcb87986555573f,1,1,1,bgulvin2j,2021-11-01T03:11:06Z
93,Tildie,Mayhow,tmayhow2k@amazonaws.com,b9987acc6bed1185aa2e6aaae40b7528,1,1,1,tmayhow2k,2021-10-05T21:36:21Z
94,Lucy,Jozsa,ljozsa2l@youku.com,55713208740dc971d7108dd26cafde83,1,1,1,ljozsa2l,2022-03-09T09:17:58Z
95,Fabian,Isenor,fisenor2m@berkeley.edu,de10ded86bff04a6433ca73f04288ce1,1,1,1,fisenor2m,2021-12-06T11:41:27Z
96,Obediah,Scotchmer,oscotchmer2n@ox.ac.uk,29b3c2ea7502f6c5d1a8d34bef815dfc,1,1,1,oscotchmer2n,2021-10-21T22:52:37Z
97,Roobbie,Epilet,repilet2o@wikia.com,aedfbebca018ab71a792dd91244b4c55,1,1,1,repilet2o,2021-10-09T07:45:09Z
98,Shea,Beedle,sbeedle2p@icio.us,d7f2c97d90d48e3ddf9e0809090e971e,1,1,1,sbeedle2p,2021-12-22T10:59:18Z
99,Rosalinda,Kensley,rkensley2q@privacy.gov.au,258e2c349ab59c453aa8c8a1757e4db3,1,1,1,rkensley2q,2021-09-07T02:41:09Z
100,Clo,Espinola,cespinola2r@rakuten.co.jp,dd367851818c75060c9459bbe83ae067,1,1,1,cespinola2r,2022-04-25T08:34:52Z
